{"cameraMode":{"drawMode":0,"name":"Shaded","section":"Shading Mode"},"sceneLighting":false,"audioPlay":false,"sceneViewState":{"showFog":true,"showMaterialUpdate":false,"showSkybox":false,"showFlares":true,"showImageEffects":true,"showParticleSystems":true,"showVisualEffectGraphs":true,"m_FxEnabled":true},"in2DMode":false,"pivot":{"x":-0.013607487082481385,"y":1.6560757160186768,"z":-0.008480742573738099},"rotation":{"x":0.00011954655929002911,"y":0.9964869022369385,"z":-0.08421248942613602,"w":0.0018001509597525},"size":0.18479230999946595,"orthographic":false}